,mem
0,64069632
1,282497024
2,316411904
3,371830784
4,810528768
5,1073385472
6,1497604096
7,1472724992
8,1520209920
9,1547628544
10,1510240256
11,1558097920
12,1567055872
13,1586675712
14,1557905408
15,1558061056
16,1551073280
17,1604829184
18,1520558080
19,1529843712
20,1548685312
21,1577185280
22,1492017152
23,1501605888
24,1492398080
25,1492156416
26,1530245120
27,1501487104
28,1519996928
29,1623900160
30,1596268544
31,1576931328
32,1596239872
33,1586348032
34,1522880512
35,1486127104
36,1569923072
37,1543434240
38,1600352256
39,1626898432
40,1560805376
41,1625038848
42,1514131456
43,1547911168
44,1542160384
45,1570652160
46,1608658944
47,1561473024
48,1579712512
49,1569853440
50,1589948416
51,1579360256
52,1561251840
53,1551519744
54,1561260032
55,1580052480
56,1598840832
57,1665150976
58,1589563392
59,1523208192
60,1586982912
61,1513480192
62,1636487168
63,1580621824
64,1589547008
65,1514598400
66,1579945984
67,1514192896
68,1621245952
69,1599008768
70,1532993536
71,1542475776
72,1560969216
73,1514086400
74,1636610048
75,1598705664
76,1582059520
77,1627430912
78,1598857216
79,1570795520
80,1527259136
81,1598701568
82,1542135808
83,1514401792
84,1535270912
85,1532870656
86,1608314880
87,1599299584
88,1523695616
89,1560969216
90,1542397952
91,1617080320
92,1589501952
93,1495310336
94,1552474112
95,1560956928
96,1635848192
97,1560920064
98,1542795264
99,1579859968
100,1645756416
101,1589059584
102,1514352640
103,1560285184
104,1570709504
105,1570316288
106,1637015552
107,1589133312
108,1570865152
109,1525035008
110,1552072704
111,1608876032
112,1627131904
113,1627246592
114,1485795328
115,1542520832
116,1532493824
117,1533169664
118,1571135488
119,1558605824
120,1589526528
121,1570213888
122,1570627584
123,1533337600
124,1514184704
125,1564004352
126,1627541504
127,1570684928
128,1552252928
129,1525006336
130,1486503936
131,1542119424
132,1617563648
133,1504960512
134,1533108224
135,1561899008
136,1485635584
137,1580449792
138,1579958272
139,1665425408
140,1646542848
141,1589190656
142,1646059520
143,1617686528
144,1570975744
145,1514434560
146,1561239552
147,1495334912
148,1561235456
149,1598664704
150,1514143744
151,1551900672
152,1646264320
153,1523941376
154,1523986432
155,1598963712
156,1495437312
157,1552273408
158,1580347392
159,1591062528
160,1551761408
161,1570349056
162,1582583808
163,1609256960
164,1579655168
165,1552142336
166,1578385408
167,1590247424
168,1589469184
169,1542762496
170,1636995072
171,1561214976
172,1533108224
173,1534394368
174,1570918400
175,1523277824
176,1570865152
177,1580359680
178,1522995200
179,1608982528
180,1580032000
181,1532370944
182,1505513472
183,1542471680
184,1570836480
185,1561341952
186,1516326912
187,1523974144
188,1536700416
189,1524211712
190,1580224512
191,1552019456
192,1543008256
193,1627848704
194,1580847104
195,1617969152
196,1608245248
197,1542270976
198,1599496192
199,1523712000
200,1571618816
201,1515126784
202,1552707584
203,1552474112
204,1580752896
205,1542651904
206,1542086656
207,1550327808
208,1599488000
209,1675563008
210,1620729856
211,1542651904
212,1571328000
213,1496068096
214,1583591424
215,1570967552
216,1504616448
217,1589919744
218,1523744768
219,1580523520
220,1533550592
221,1561931776
222,1505492992
223,1552674816
224,1562476544
225,1580781568
226,1495703552
227,1580859392
228,1581129728
229,1562005504
230,1589731328
231,1561735168
232,1599668224
233,1552728064
234,1507414016
235,1552642048
236,1496219648
237,1579474944
238,1599528960
239,1571057664
240,1552330752
241,1590607872
242,1580609536
243,1636810752
244,1533825024
245,1580224512
246,1514668032
247,1544048640
248,1571512320
249,1631481856
250,1571971072
251,1533652992
252,1534205952
253,1544372224
254,1542643712
255,1618374656
256,1552654336
257,1562140672
258,1580605440
259,1557405696
260,1544183808
261,1514508288
262,1467740160
263,1523666944
264,1486336000
265,1534361600
266,1627783168
267,1561686016
268,1571516416
269,1598939136
270,1571684352
271,1536114688
272,1597206528
273,1543606272
274,1493917696
275,1601679360
276,1553973248
277,1656193024
278,1514987520
279,1533190144
280,1570856960
281,1523920896
282,1512624128
283,1599430656
284,1543467008
285,1562038272
286,1627893760
287,1523941376
288,1552629760
289,1514274816
290,1571049472
291,1543294976
292,1646968832
293,1571569664
294,1561657344
295,1514700800
296,1562222592
297,1581002752
298,1571590144
299,1576685568
300,1608912896
301,1524658176
302,1542782976
303,1561763840
304,1552228352
305,1533747200
306,1533394944
307,1571287040
308,1656164352
309,1608556544
310,1608433664
311,1599750144
312,1581064192
313,1467686912
314,1561260032
315,1656213504
316,1599537152
317,1590325248
318,1543340032
319,1543163904
320,1552785408
321,1582219264
322,1571393536
323,1551695872
324,1599725568
325,1524461568
326,1543151616
327,1498521600
328,1596129280
329,1524305920
330,1581010944
331,1552412672
332,1590259712
333,1572601856
334,1552670720
335,1571868672
336,1552424960
337,1552674816
338,1563987968
339,1533706240
340,1656221696
341,1599463424
342,1514639360
343,1513533440
344,1588383744
345,1599766528
346,1561755648
347,1543159808
348,1561579520
349,1665875968
350,1562288128
351,1533726720
352,1533812736
353,1552490496
354,1505705984
355,1533755392
356,1590185984
357,1580593152
358,1543430144
359,1515053056
360,1637376000
361,1608667136
362,1601118208
363,1534074880
364,1552519168
365,1627123712
366,1571385344
367,1561886720
368,1609359360
369,1533067264
370,1637511168
371,1637216256
372,1497563136
373,1599197184
374,1561972736
375,1543184384
376,1551872000
377,1571033088
378,1515212800
379,1477451776
380,1570914304
381,1552560128
382,1618255872
383,1646747648
384,1580302336
385,1580503040
386,1521938432
387,1561731072
388,1590657024
389,1552269312
390,1599291392
391,1599389696
392,1496178688
393,1618501632
394,1562148864
395,1656078336
396,1571491840
397,1533390848
398,1534119936
399,1562214400
400,1609490432
401,1562136576
402,1542828032
403,1608949760
404,1571381248
405,1514848256
406,1542832128
407,1571557376
408,1591320576
409,1542901760
410,1552601088
411,1552941056
412,1515003904
413,1600000000
414,1581056000
415,1542586368
416,1542692864
417,1571491840
418,1496252416
419,1580855296
420,1589514240
421,1561075712
422,1550389248
423,1590472704
424,1540644864
425,1534398464
426,1498087424
427,1543278592
428,1562562560
429,1590583296
430,1590759424
431,1533440000
432,1570856960
433,1567031296
434,1552281600
435,1515065344
436,1590013952
437,1599516672
438,1552261120
439,1570840576
440,1533775872
441,1599750144
442,1533886464
443,1618649088
444,1505370112
445,1514803200
446,1530314752
447,1614721024
448,1510850560
449,1520742400
450,1557729280
451,1596207104
452,1560461312
453,1557471232
454,1590161408
455,1567793152
456,1567305728
457,1542352896
458,1539100672
459,1520861184
460,1539264512
461,1643237376
462,1577193472
463,1567973376
464,1558409216
465,1567412224
466,1548566528
467,1520336896
468,1661624320
469,1557712896
470,1558011904
471,1590333440
472,1541382144
473,1586466816
474,1521008640
475,1548460032
476,1548615680
477,1532891136
478,1530085376
479,1529942016
480,1605324800
481,1586565120
482,1567412224
483,1511440384
484,1567375360
485,1548496896
486,1614340096
487,1567309824
488,1532329984
489,1651810304
490,1557909504
491,1551384576
492,1539747840
493,1510465536
494,1567313920
495,1529974784
496,1576738816
497,1548808192
498,1576710144
499,1510850560
500,1586077696
501,1526108160
502,1511354368
503,1595924480
504,1567727616
505,1473753088
506,1576730624
507,1558065152
508,1558061056
509,1548853248
510,1529335808
511,1501523968
512,1595691008
513,1548197888
514,1548275712
515,1623613440
516,1558278144
517,1548091392
518,1642786816
519,1576747008
520,1605070848
521,1558183936
522,1575297024
523,1539444736
524,1539641344
525,1549082624
526,1557573632
527,1548341248
528,1576927232
529,1670348800
530,1604702208
531,1571860480
532,1529884672
533,1539268608
534,1529528320
535,1548468224
536,1586483200
537,1615044608
538,1557962752
539,1501696000
540,1576878080
541,1520599040
542,1595293696
543,1576558592
544,1548767232
545,1567367168
546,1529982976
547,1567776768
548,1530216448
549,1501954048
550,1501978624
551,1510649856
552,1539063808
553,1548832768
554,1558462464
555,1520123904
556,1567387648
557,1585758208
558,1577017344
559,1576767488
560,1586540544
561,1539670016
562,1568305152
563,1548791808
564,1567633408
565,1539301376
566,1510883328
567,1557929984
568,1577373696
569,1558122496
570,1567715328
571,1567522816
572,1558249472
573,1604681728
574,1557495808
575,1520893952
576,1520074752
577,1558310912
578,1548476416
579,1539190784
580,1567686656
581,1567760384
582,1530060800
583,1558466560
584,1529753600
585,1585741824
586,1482297344
587,1548791808
588,1520508928
589,1539399680
590,1492504576
591,1567719424
592,1577218048
593,1548279808
594,1548124160
595,1558261760
596,1539923968
597,1521217536
598,1538883584
599,1604792320
600,1548578816
601,1539174400
602,1576849408
603,1492389888
604,1139384320
